ID_Alumno,Edad,Genero,Ingreso_Familiar,Escolaridad_Padres,Promedio_Notas,Faltas,Horas_Estudio_Semana,Participacion_Actividades,Acceso_Internet,Reprobaciones,Transferencias,Desercion
1,23,Feminino,7990,Médio,7.84,38,10,0,1,2,1,1
2,20,Masculino,9679,Superior,2.86,18,32,1,1,0,0,1
3,29,Feminino,1718,Médio,4.33,37,35,0,1,4,1,1
4,27,Masculino,5516,Superior,6.85,5,36,0,1,3,1,1
5,24,Masculino,7381,Fundamental,3.32,46,16,0,1,2,1,1
6,29,Masculino,1454,Médio,0.57,14,34,1,0,0,2,1
7,21,Feminino,9675,Fundamental,3.74,19,4,1,1,3,0,1
8,23,Masculino,7791,Médio,9.44,8,31,1,1,4,1,1
9,26,Masculino,1474,Superior,6.42,31,2,0,1,2,1,1
10,19,Masculino,4633,Fundamental,6.71,3,34,0,1,0,1,0
11,23,Feminino,5870,Médio,6.32,49,13,0,1,0,0,1
12,27,Feminino,4472,Fundamental,1.99,17,30,0,1,0,1,1
13,27,Feminino,5795,Médio,4.18,4,30,0,0,2,1,0
14,24,Feminino,9605,Médio,7.51,19,16,1,1,3,2,1
15,21,Feminino,8728,Superior,1.01,22,23,1,0,0,0,1
16,20,Masculino,3520,Médio,2.78,10,22,1,1,4,2,1
17,24,Feminino,9487,Médio,2.76,36,17,0,1,0,0,1
18,24,Feminino,4536,Fundamental,4.32,21,13,1,1,3,0,1
19,19,Feminino,5568,Fundamental,9.8,3,14,0,1,2,0,0
20,22,Masculino,5733,Fundamental,0.68,28,14,0,1,0,2,1
21,21,Feminino,817,Fundamental,5.19,43,5,1,1,0,2,1
22,18,Feminino,2896,Superior,1.79,33,26,0,1,4,2,1
23,24,Masculino,2662,Médio,9.71,12,14,0,1,4,2,1
24,28,Feminino,3245,Médio,1.13,41,35,0,1,0,1,1
25,22,Masculino,2091,Fundamental,4.04,8,7,1,1,0,1,0
26,18,Masculino,6683,Superior,7.38,41,14,1,1,4,1,1
27,28,Masculino,4430,Médio,7.05,30,2,0,1,3,0,1
28,21,Masculino,1812,Fundamental,4.23,6,12,1,1,1,1,0
29,17,Masculino,9977,Médio,3.47,3,33,0,1,1,0,1
30,28,Feminino,4811,Médio,3.98,18,23,0,1,0,2,1
31,26,Masculino,7814,Fundamental,2.64,41,39,1,0,4,0,1
32,22,Masculino,2883,Médio,2.05,29,31,1,1,2,0,1
33,29,Feminino,3739,Médio,4.83,30,31,1,1,2,1,0
34,28,Masculino,2639,Fundamental,2.69,34,29,0,1,1,2,1
35,25,Feminino,2204,Superior,2.87,20,12,1,1,3,2,1
36,17,Feminino,7424,Superior,6.57,30,0,1,1,1,1,1
37,27,Feminino,862,Médio,9.69,18,33,1,1,0,2,1
38,27,Masculino,3104,Médio,6.04,30,14,0,1,3,2,1
39,26,Masculino,4786,Médio,0.77,31,13,1,1,2,2,1
40,28,Masculino,4238,Médio,0.76,1,28,0,1,4,1,1
41,28,Feminino,2969,Médio,9.51,9,33,0,1,4,2,1
42,19,Masculino,5295,Fundamental,2.97,1,17,0,1,0,0,1
43,28,Masculino,6650,Médio,0.92,1,6,0,1,1,0,1
44,23,Masculino,1056,Superior,5.99,23,28,0,1,0,2,1
45,20,Feminino,9517,Médio,6.24,16,30,1,0,4,1,1
46,25,Feminino,3308,Fundamental,6.49,31,24,0,1,2,1,1
47,19,Masculino,5650,Médio,2.67,15,37,1,1,4,1,1
48,21,Masculino,8061,Fundamental,0.15,15,13,0,1,3,2,1
49,19,Masculino,3219,Fundamental,9.65,45,7,0,0,4,2,1
50,23,Masculino,7006,Fundamental,2.51,38,26,0,1,4,0,1
51,21,Feminino,4241,Médio,6.76,30,1,0,0,3,1,1
52,25,Feminino,4498,Médio,7.07,42,16,0,0,1,0,1
53,23,Feminino,2903,Médio,6.1,23,36,0,1,4,0,1
54,18,Feminino,9280,Fundamental,3.13,0,13,0,1,0,1,1
55,20,Masculino,794,Superior,2.71,10,24,0,1,4,2,1
56,25,Masculino,5843,Superior,5.98,20,29,0,1,0,2,0
57,28,Masculino,1636,Superior,8.66,3,28,0,1,3,0,1
58,18,Feminino,2564,Fundamental,9.47,6,19,0,0,4,0,1
59,26,Masculino,7509,Médio,1.06,25,20,1,1,3,0,1
60,25,Feminino,5043,Superior,1.55,46,21,1,1,3,0,1
61,26,Feminino,1507,Médio,9.45,49,34,1,1,1,1,1
62,21,Masculino,5945,Fundamental,7.37,11,36,0,1,4,0,1
63,18,Masculino,5852,Fundamental,8.83,30,15,1,1,0,0,0
64,20,Masculino,9939,Médio,2.03,16,16,1,1,0,2,1
65,28,Feminino,1935,Superior,5.88,32,15,1,1,4,2,1
66,28,Masculino,1071,Médio,7.01,10,1,0,1,1,2,1
67,23,Feminino,2882,Médio,6.8,27,3,1,1,1,1,1
68,28,Masculino,9937,Fundamental,4.08,31,20,1,1,1,1,1
69,29,Feminino,5584,Médio,0.15,0,38,0,1,0,2,1
70,24,Feminino,777,Superior,5.83,46,33,1,1,3,2,1
71,19,Masculino,7559,Médio,2.53,27,29,0,1,1,0,1
72,17,Feminino,2387,Médio,4.5,41,5,0,0,0,0,1
73,20,Feminino,1765,Superior,9.58,6,16,0,1,0,1,0
74,18,Masculino,7991,Fundamental,3.99,1,38,1,0,3,1,1
75,24,Feminino,1540,Médio,8.4,41,24,0,1,4,0,1
76,20,Masculino,9609,Fundamental,1.89,23,4,0,1,4,2,1
77,18,Feminino,8573,Médio,6.72,3,4,0,1,1,0,1
78,22,Masculino,9577,Médio,9.77,43,19,0,1,1,1,1
79,22,Masculino,3252,Médio,1.02,18,15,0,1,3,1,1
80,26,Feminino,8713,Médio,0.08,25,36,1,1,1,0,1
81,20,Feminino,5069,Médio,4.34,10,39,1,0,3,0,1
82,22,Feminino,6853,Superior,0.93,39,8,0,0,0,0,1
83,29,Feminino,2853,Médio,7.48,49,4,0,1,1,1,1
84,18,Feminino,7937,Fundamental,9.15,42,1,0,1,0,2,1
85,26,Masculino,5299,Médio,4.34,10,8,1,1,2,0,0
86,28,Feminino,1186,Médio,2.59,44,35,0,1,3,1,1
87,18,Masculino,8976,Médio,4.34,2,21,0,1,2,1,0
88,26,Masculino,5311,Superior,7.23,11,21,0,1,1,1,0
89,20,Feminino,9454,Superior,0.09,2,21,1,1,0,0,1
90,24,Masculino,5846,Fundamental,5.89,41,33,1,1,1,0,1
91,23,Masculino,5543,Superior,6.13,26,28,1,1,2,2,0
92,28,Masculino,2928,Fundamental,6.38,48,37,1,1,1,1,1
93,25,Masculino,5626,Fundamental,2.42,1,32,0,0,4,0,1
94,24,Feminino,8720,Fundamental,7.14,48,17,0,1,2,1,1
95,21,Masculino,9598,Superior,0.91,15,6,0,1,1,1,1
96,29,Feminino,8313,Médio,1.99,1,0,0,1,0,2,1
97,18,Feminino,3856,Fundamental,8.77,29,32,0,1,1,0,0
98,21,Masculino,9207,Médio,7.39,19,0,0,1,0,0,1
99,24,Feminino,7766,Médio,0.14,37,23,0,1,4,1,1
100,26,Feminino,7040,Fundamental,2.48,27,3,1,1,1,1,1
101,25,Feminino,538,Superior,2.14,24,3,1,0,4,2,1
102,28,Masculino,3842,Superior,2.71,31,17,1,1,2,2,1
103,28,Feminino,9578,Médio,2.48,9,26,1,1,0,2,1
104,28,Feminino,3344,Superior,0.63,41,31,0,1,2,2,1
105,29,Feminino,1598,Médio,4.59,39,32,1,0,0,2,1
106,25,Masculino,7527,Superior,7.33,32,27,0,1,4,2,1
107,29,Feminino,2323,Médio,6.07,12,35,1,1,3,1,1
108,29,Masculino,3655,Médio,6.73,40,5,0,1,1,2,1
109,17,Masculino,3593,Fundamental,0.81,41,15,1,1,4,1,1
110,25,Masculino,6158,Superior,9.51,46,33,0,1,0,1,1
111,23,Masculino,4278,Médio,8.38,36,22,0,1,0,0,1
112,25,Masculino,3396,Fundamental,8.05,15,23,1,1,0,1,0
113,24,Masculino,1488,Fundamental,8.23,44,12,0,1,0,1,1
114,17,Feminino,4616,Médio,9.33,21,17,1,1,1,2,0
115,28,Masculino,6946,Médio,5.44,19,12,1,1,2,1,0
116,24,Feminino,4679,Médio,2.0,49,36,1,1,3,2,1
117,24,Feminino,2182,Superior,6.17,42,38,1,1,1,2,1
118,27,Masculino,6126,Fundamental,7.43,26,16,1,1,0,2,0
119,19,Feminino,7924,Médio,7.38,40,14,0,0,1,0,1
120,17,Feminino,1433,Fundamental,5.21,15,17,1,0,4,2,1
121,24,Feminino,4098,Superior,0.68,33,22,1,1,0,1,1
122,19,Feminino,2480,Superior,3.71,31,29,1,0,3,2,1
123,19,Masculino,3556,Médio,9.21,25,33,0,1,0,2,0
124,17,Feminino,9484,Médio,5.84,24,3,1,1,3,2,1
125,27,Masculino,1291,Médio,5.38,1,2,1,1,3,0,1
126,21,Feminino,5890,Médio,2.69,11,6,1,1,2,1,1
127,26,Feminino,7135,Superior,3.68,39,17,0,1,2,0,1
128,23,Masculino,2755,Médio,8.95,8,6,0,1,1,1,0
129,26,Feminino,4110,Médio,6.66,11,39,0,1,1,0,0
130,25,Feminino,2107,Médio,7.87,25,5,1,1,3,1,1
131,28,Feminino,5679,Superior,4.54,8,21,1,0,0,0,0
132,23,Masculino,7073,Médio,6.3,9,0,0,1,4,2,1
133,25,Feminino,1484,Fundamental,2.48,31,3,0,1,4,0,1
134,24,Masculino,6276,Médio,7.05,33,28,0,1,0,0,1
135,28,Feminino,4176,Superior,4.28,47,20,0,0,0,2,1
136,18,Masculino,3880,Fundamental,4.43,19,25,1,1,2,2,0
137,17,Masculino,9211,Fundamental,6.49,38,13,1,1,4,1,1
138,23,Feminino,9282,Fundamental,9.36,1,8,0,1,3,1,1
139,23,Feminino,1550,Médio,0.64,0,11,0,1,1,1,1
140,24,Masculino,4133,Médio,8.25,35,5,0,1,2,0,1
141,21,Masculino,6842,Médio,2.92,23,19,1,1,4,1,1
142,19,Feminino,1459,Médio,4.44,26,23,0,1,0,0,1
143,28,Masculino,6559,Médio,0.22,1,26,0,1,4,0,1
144,24,Feminino,9384,Médio,3.01,30,37,0,1,3,1,1
145,22,Feminino,6155,Superior,5.03,13,7,1,1,2,1,0
146,27,Feminino,4973,Médio,0.56,1,0,1,1,0,0,1
147,19,Feminino,3446,Superior,4.91,28,23,1,1,3,2,1
148,17,Masculino,8225,Médio,9.27,14,6,0,1,1,2,0
149,19,Feminino,1026,Fundamental,1.05,11,18,0,1,2,0,1
150,21,Masculino,3724,Médio,7.64,36,21,0,1,3,1,1
151,19,Feminino,2375,Médio,4.1,27,34,1,1,3,0,1
152,17,Masculino,2263,Médio,6.55,19,29,0,1,0,0,0
153,21,Feminino,9212,Fundamental,2.6,38,28,0,1,1,1,1
154,26,Masculino,6297,Fundamental,1.59,23,21,1,1,3,2,1
155,23,Masculino,9708,Superior,1.6,20,10,1,1,2,0,1
156,23,Feminino,7599,Fundamental,0.7,9,19,0,1,3,2,1
157,27,Feminino,5609,Superior,1.86,45,28,0,1,4,2,1
158,25,Feminino,7144,Fundamental,6.64,13,33,0,1,2,1,0
159,26,Feminino,616,Médio,8.82,36,0,1,1,2,0,1
160,26,Masculino,2933,Médio,8.14,17,30,1,1,3,0,1
161,28,Feminino,5963,Médio,6.85,23,29,0,0,0,2,0
162,29,Masculino,1083,Médio,1.1,13,17,0,1,2,2,1
163,19,Masculino,9086,Fundamental,2.89,33,16,1,1,4,1,1
164,23,Feminino,4288,Fundamental,3.1,11,37,1,1,0,2,1
165,17,Masculino,4667,Médio,2.5,21,13,0,1,0,1,1
166,20,Masculino,8965,Médio,5.15,5,22,0,1,0,0,0
167,29,Masculino,1889,Superior,5.36,35,24,0,1,2,1,1
168,20,Masculino,8857,Superior,3.57,44,14,0,1,0,2,1
169,21,Feminino,6654,Médio,3.54,35,21,1,1,3,0,1
170,23,Feminino,5920,Médio,8.29,21,2,1,1,0,1,1
171,23,Feminino,9420,Médio,7.89,13,18,1,1,4,0,1
172,29,Feminino,2543,Fundamental,3.08,15,33,0,1,1,1,1
173,27,Masculino,4697,Superior,9.14,35,34,1,1,4,2,1
174,29,Masculino,3996,Médio,9.53,24,0,0,1,2,2,1
175,20,Feminino,1278,Médio,3.27,31,20,0,1,0,0,1
176,29,Feminino,713,Fundamental,3.54,32,28,0,1,0,0,1
177,23,Feminino,4262,Médio,5.06,44,5,0,1,3,0,1
178,27,Masculino,7231,Médio,9.41,35,36,1,1,0,1,1
179,19,Feminino,3617,Superior,8.76,19,0,0,1,4,2,1
180,22,Feminino,6291,Médio,1.03,17,0,0,1,2,0,1
181,28,Feminino,9283,Médio,3.93,37,26,0,1,1,0,1
182,18,Masculino,3220,Superior,5.53,2,20,0,1,0,0,0
183,26,Masculino,9405,Fundamental,5.03,22,15,0,1,1,1,0
184,29,Masculino,9627,Médio,1.94,31,39,0,1,0,0,1
185,25,Masculino,6547,Fundamental,8.59,44,25,1,1,2,0,1
186,21,Masculino,8532,Médio,6.77,15,15,0,0,4,1,1
187,22,Masculino,501,Superior,8.38,4,27,0,1,2,1,1
188,28,Masculino,6868,Fundamental,8.59,3,0,0,1,1,0,1
189,28,Masculino,2449,Superior,7.48,20,35,1,1,0,0,0
190,28,Feminino,7232,Fundamental,4.39,39,9,0,1,1,1,1
191,28,Feminino,8333,Superior,6.11,13,16,0,1,4,2,1
192,20,Masculino,1417,Médio,1.6,38,22,0,1,2,1,1
193,27,Masculino,3674,Superior,6.74,30,6,0,1,1,2,0
194,26,Feminino,7514,Fundamental,1.79,13,6,0,1,1,0,1
195,23,Masculino,589,Superior,6.94,5,14,1,1,4,0,1
196,28,Masculino,2209,Médio,2.3,11,33,1,1,0,2,1
197,25,Masculino,3541,Médio,1.18,15,3,0,1,1,1,1
198,23,Feminino,605,Superior,1.65,16,13,1,0,4,0,1
199,17,Feminino,9578,Fundamental,0.02,44,13,1,1,0,2,1
200,17,Feminino,9119,Superior,7.19,22,15,0,1,0,1,0
201,25,Feminino,2395,Fundamental,7.32,13,6,0,1,2,2,0
202,27,Feminino,6590,Médio,5.15,6,31,0,1,4,1,1
203,25,Masculino,9008,Médio,1.61,45,18,0,1,0,1,1
204,20,Feminino,6582,Fundamental,0.84,31,1,1,1,2,1,1
205,29,Masculino,1134,Fundamental,0.19,14,9,1,1,3,1,1
206,25,Masculino,2425,Fundamental,1.66,43,16,1,1,4,2,1
207,19,Feminino,2556,Médio,8.91,16,36,1,1,3,2,1
208,23,Feminino,7417,Médio,2.42,40,11,0,1,0,2,1
209,22,Masculino,3644,Médio,3.54,46,5,0,1,4,2,1
210,24,Masculino,1052,Fundamental,1.05,43,21,1,1,2,2,1
211,27,Masculino,9407,Fundamental,2.22,33,31,0,1,0,1,1
212,25,Feminino,5883,Médio,5.19,4,19,1,1,4,0,1
213,21,Feminino,4411,Fundamental,6.08,44,0,1,1,4,0,1
214,17,Feminino,3889,Superior,2.45,26,5,1,1,3,2,1
215,19,Feminino,9799,Superior,0.58,22,18,1,1,0,2,1
216,26,Feminino,8942,Médio,3.91,39,17,0,1,2,0,1
217,28,Masculino,2930,Médio,2.34,13,5,1,1,2,1,1
218,24,Feminino,958,Superior,2.2,14,32,1,1,0,2,1
219,27,Masculino,707,Fundamental,9.6,42,22,0,1,0,1,1
220,22,Masculino,1399,Fundamental,6.16,32,22,1,1,1,0,1
221,24,Masculino,521,Fundamental,5.57,30,25,0,0,3,0,1
222,25,Feminino,9101,Médio,4.16,34,12,1,1,0,2,1
223,20,Feminino,1394,Fundamental,4.29,16,6,0,1,0,1,1
224,17,Feminino,1014,Médio,5.41,27,14,0,1,1,2,1
225,17,Masculino,7794,Superior,6.96,18,26,0,1,1,0,0
226,26,Masculino,5404,Superior,7.02,45,25,1,1,4,1,1
227,20,Masculino,8367,Médio,1.72,22,32,0,1,2,2,1
228,28,Masculino,4609,Fundamental,5.0,31,14,0,1,3,2,1
229,23,Masculino,7679,Superior,4.12,39,35,0,1,4,2,1
230,18,Masculino,2060,Médio,8.71,12,26,1,1,0,0,0
231,19,Feminino,1766,Fundamental,6.31,19,4,0,1,1,2,1
232,17,Feminino,4138,Fundamental,5.33,34,1,0,1,2,1,1
233,21,Feminino,9441,Superior,1.15,4,32,1,0,4,2,1
234,17,Feminino,3927,Médio,6.06,8,15,0,1,2,0,0
235,24,Masculino,5280,Superior,1.17,28,22,1,1,1,2,1
236,17,Masculino,2427,Superior,3.37,5,37,0,1,4,0,1
237,27,Feminino,2856,Médio,1.43,24,15,1,0,4,0,1
238,17,Masculino,5290,Médio,6.92,30,13,0,1,2,1,0
239,18,Feminino,806,Médio,2.06,21,28,0,1,1,1,1
240,18,Feminino,8479,Médio,3.92,1,25,1,1,0,2,1
241,28,Feminino,4165,Médio,8.96,44,34,0,1,4,0,1
242,22,Masculino,7557,Médio,2.04,4,14,1,1,0,0,1
243,23,Feminino,1161,Médio,5.08,26,2,0,1,1,1,1
244,21,Feminino,5144,Superior,4.19,24,22,0,1,4,1,1
245,17,Feminino,9003,Médio,0.18,7,28,0,1,4,2,1
246,17,Masculino,3420,Médio,7.93,0,33,1,1,0,0,0
247,19,Masculino,9774,Médio,0.69,19,32,0,1,3,1,1
248,18,Feminino,9446,Médio,4.74,43,22,0,1,0,2,1
249,21,Masculino,6736,Médio,5.61,22,6,0,1,0,0,0
250,28,Masculino,6578,Fundamental,6.28,31,2,0,1,3,0,1
251,26,Masculino,852,Médio,6.89,10,31,0,1,1,1,1
252,22,Masculino,9594,Fundamental,2.53,38,30,1,1,1,2,1
253,23,Masculino,7505,Médio,0.1,46,17,0,1,4,1,1
254,20,Masculino,658,Médio,7.23,23,6,1,1,2,2,1
255,23,Masculino,1456,Médio,5.36,10,0,0,1,2,0,1
256,27,Masculino,2571,Superior,8.36,28,13,1,1,4,2,1
257,24,Masculino,9095,Médio,8.21,25,31,1,1,2,2,0
258,27,Masculino,3953,Médio,8.43,15,5,0,0,0,2,0
259,17,Feminino,7175,Médio,4.85,34,38,1,1,0,2,1
260,22,Feminino,1455,Médio,3.34,19,9,0,1,3,2,1
261,24,Masculino,6795,Fundamental,7.92,45,6,1,1,3,1,1
262,21,Feminino,2212,Fundamental,4.51,2,25,1,1,4,2,1
263,20,Feminino,5203,Médio,1.83,0,33,0,1,4,2,1
264,18,Masculino,7063,Médio,8.55,46,29,0,0,4,0,1
265,22,Masculino,9965,Fundamental,8.83,0,35,0,1,0,2,0
266,22,Masculino,6131,Fundamental,4.66,16,20,0,1,2,0,0
267,27,Feminino,1894,Fundamental,0.76,1,16,0,1,4,1,1
268,17,Feminino,9961,Superior,3.88,28,32,0,1,4,1,1
269,25,Masculino,5232,Médio,8.04,19,9,0,0,0,2,0
270,28,Masculino,4214,Médio,9.02,5,11,1,1,0,1,0
271,27,Masculino,1029,Fundamental,2.03,7,15,0,1,0,2,1
272,22,Feminino,3458,Médio,0.67,28,31,0,1,2,1,1
273,29,Feminino,8404,Fundamental,8.77,47,14,1,0,4,2,1
274,19,Feminino,4091,Fundamental,3.89,32,26,0,1,1,2,1
275,20,Feminino,7395,Médio,5.42,2,27,0,0,1,0,0
276,28,Masculino,9631,Fundamental,9.68,34,16,0,1,4,0,1
277,27,Masculino,1025,Fundamental,0.67,4,1,1,1,4,0,1
278,20,Masculino,6977,Fundamental,6.48,26,35,1,1,4,0,1
279,19,Masculino,501,Fundamental,0.74,43,6,0,1,4,2,1
280,26,Feminino,874,Fundamental,3.75,11,12,1,1,2,1,1
281,19,Feminino,5148,Médio,8.04,19,14,0,1,1,2,0
282,19,Masculino,2865,Superior,4.33,44,24,1,1,3,0,1
283,20,Masculino,2025,Médio,9.97,19,22,1,1,1,0,0
284,23,Feminino,2146,Médio,5.59,8,21,1,1,1,1,0
285,20,Masculino,513,Fundamental,3.21,38,25,0,0,0,0,1
286,25,Feminino,5099,Superior,2.2,3,32,0,1,4,2,1
287,17,Masculino,2778,Médio,3.51,18,10,0,1,4,2,1
288,24,Masculino,3655,Fundamental,3.73,37,9,1,1,4,2,1
289,23,Masculino,8821,Médio,0.69,26,24,0,1,0,2,1
290,18,Masculino,4314,Fundamental,3.7,44,36,1,1,2,2,1
291,24,Masculino,3716,Médio,4.64,42,37,1,1,2,1,1
292,17,Masculino,8719,Médio,7.23,12,23,0,1,3,2,1
293,27,Masculino,2613,Superior,6.57,12,39,1,1,2,0,0
294,28,Feminino,9944,Médio,7.09,21,32,1,1,2,0,0
295,25,Feminino,4856,Médio,0.08,27,16,1,0,4,0,1
296,25,Feminino,6043,Superior,2.18,46,23,1,1,1,0,1
297,18,Feminino,5055,Fundamental,6.62,44,36,1,1,2,1,1
298,23,Feminino,7562,Fundamental,4.84,21,1,0,1,2,0,1
299,26,Masculino,3874,Médio,0.05,42,31,1,1,0,1,1
300,19,Masculino,6930,Médio,8.04,18,23,0,1,3,0,1
301,23,Feminino,3966,Médio,7.73,7,8,1,0,0,1,0
302,28,Masculino,3581,Superior,5.48,7,3,1,0,4,1,1
303,26,Feminino,1129,Médio,0.66,41,16,0,1,1,1,1
304,25,Feminino,769,Médio,7.67,25,16,1,1,3,0,1
305,20,Masculino,6224,Médio,5.84,47,29,0,1,0,1,1
306,28,Masculino,6397,Superior,7.82,25,39,0,1,2,2,0
307,17,Masculino,3932,Superior,7.52,22,10,0,1,2,2,0
308,18,Feminino,9972,Superior,8.03,42,20,1,1,3,0,1
309,17,Masculino,6776,Fundamental,5.18,12,20,1,1,2,2,0
310,28,Feminino,6395,Médio,1.4,27,17,1,1,0,2,1
311,21,Feminino,7615,Fundamental,6.71,8,28,0,1,0,2,0
312,21,Feminino,7156,Fundamental,6.2,19,23,1,1,2,0,0
313,27,Masculino,1075,Fundamental,7.42,18,9,1,1,2,0,1
314,23,Masculino,7529,Médio,1.7,47,16,0,1,4,2,1
315,25,Feminino,6599,Médio,1.95,38,17,0,1,1,0,1
316,25,Masculino,9999,Fundamental,8.9,11,19,0,1,3,1,1
317,19,Masculino,3692,Médio,7.5,14,36,1,1,0,2,0
318,19,Masculino,3678,Médio,9.08,30,17,1,1,3,0,1
319,19,Feminino,6552,Médio,7.59,13,16,1,1,4,0,1
320,20,Feminino,3234,Fundamental,5.97,10,8,0,1,0,2,0
321,24,Masculino,6616,Médio,6.54,25,13,1,1,4,0,1
322,22,Feminino,4068,Médio,8.89,41,28,0,1,4,2,1
323,24,Masculino,2703,Fundamental,5.79,26,30,0,1,2,0,0
324,17,Masculino,1890,Fundamental,6.32,10,3,1,1,3,1,1
325,24,Masculino,2242,Médio,1.56,37,17,0,1,3,2,1
326,20,Masculino,2425,Superior,4.74,33,19,1,1,2,1,1
327,27,Feminino,1119,Médio,7.16,42,8,0,0,3,2,1
328,17,Feminino,1774,Médio,2.71,18,12,1,1,2,0,1
329,24,Feminino,1456,Médio,2.02,5,14,0,1,0,1,1
330,20,Masculino,2439,Médio,3.14,45,26,0,1,4,0,1
331,22,Masculino,4453,Fundamental,2.42,37,14,0,1,4,2,1
332,24,Masculino,1468,Médio,2.15,48,27,0,1,3,2,1
333,20,Feminino,9735,Superior,4.25,41,36,1,1,1,2,1
334,19,Masculino,781,Médio,9.08,27,18,0,1,4,2,1
335,25,Feminino,6762,Superior,5.07,0,25,1,1,2,2,0
336,19,Feminino,1558,Médio,1.88,34,25,1,1,1,1,1
337,25,Feminino,4793,Fundamental,0.77,39,24,0,1,1,2,1
338,29,Feminino,5678,Superior,6.96,7,25,0,1,4,0,1
339,18,Feminino,7480,Fundamental,3.83,46,25,1,1,4,1,1
340,18,Feminino,9700,Médio,8.22,6,27,1,1,4,0,1
341,18,Masculino,1729,Fundamental,6.6,10,17,1,1,2,2,0
342,22,Masculino,9727,Fundamental,7.96,38,31,0,1,1,0,1
343,19,Feminino,5085,Médio,2.72,3,2,1,1,3,1,1
344,29,Feminino,8967,Fundamental,6.92,24,1,0,1,2,1,1
345,25,Masculino,3240,Médio,2.64,11,32,1,1,0,1,1
346,20,Feminino,2789,Médio,9.39,25,18,1,0,4,0,1
347,17,Feminino,1739,Fundamental,6.36,37,16,0,1,1,1,1
348,20,Masculino,5870,Fundamental,3.25,45,32,0,0,2,0,1
349,17,Feminino,625,Médio,2.7,11,11,0,1,0,2,1
350,21,Feminino,7973,Médio,1.91,42,2,0,1,2,2,1
351,20,Feminino,9900,Médio,6.95,36,25,1,1,2,0,1
352,24,Masculino,5842,Médio,2.19,45,34,0,1,3,1,1
353,24,Masculino,7851,Superior,5.95,23,7,0,1,3,0,1
354,23,Masculino,7138,Médio,2.65,15,35,0,1,2,0,1
355,19,Feminino,7070,Médio,6.62,12,6,1,1,0,0,0
356,17,Feminino,3749,Médio,8.15,24,35,1,1,1,2,0
357,17,Masculino,9610,Fundamental,7.78,3,15,0,1,1,0,0
358,28,Feminino,8095,Médio,7.61,10,23,0,1,4,2,1
359,27,Feminino,6794,Médio,1.88,31,0,1,0,4,0,1
360,19,Feminino,7027,Médio,0.88,48,24,1,0,1,2,1
361,22,Feminino,6257,Médio,6.99,6,9,0,1,2,0,0
362,23,Feminino,2469,Superior,3.68,45,15,0,1,2,0,1
363,22,Masculino,1391,Superior,4.32,10,15,0,1,3,1,1
364,22,Feminino,4970,Superior,0.31,27,7,0,1,3,1,1
365,22,Masculino,7675,Médio,2.6,40,28,0,1,4,0,1
366,29,Feminino,8820,Médio,0.34,22,38,1,1,1,0,1
367,19,Masculino,9706,Médio,8.79,44,27,0,1,2,0,1
368,22,Feminino,7312,Médio,2.43,22,5,1,1,1,0,1
369,24,Masculino,8019,Médio,5.57,49,15,0,1,0,1,1
370,27,Feminino,5112,Médio,0.39,27,19,1,1,1,2,1
371,27,Masculino,1698,Médio,6.67,42,15,1,1,0,0,1
372,18,Feminino,5738,Médio,3.23,46,6,0,1,3,1,1
373,21,Masculino,6589,Fundamental,8.98,25,13,0,1,3,0,1
374,17,Feminino,6757,Médio,8.88,24,25,1,1,4,0,1
375,28,Masculino,8205,Fundamental,3.25,28,25,0,1,1,2,1
376,17,Masculino,4219,Superior,9.01,18,13,0,1,1,0,0
377,21,Feminino,802,Médio,9.96,32,6,0,1,0,0,1
378,28,Feminino,1486,Fundamental,8.25,35,32,1,1,3,2,1
379,29,Masculino,4940,Fundamental,8.45,13,25,0,0,0,2,0
380,19,Feminino,5409,Médio,2.49,13,19,1,1,3,2,1
381,20,Masculino,3572,Médio,5.77,34,2,0,1,0,2,1
382,19,Masculino,3624,Médio,0.67,29,3,1,1,3,1,1
383,17,Masculino,8625,Fundamental,0.95,27,25,0,1,0,1,1
384,17,Feminino,3791,Médio,9.99,16,10,1,1,3,1,1
385,28,Masculino,4533,Médio,3.27,2,1,0,1,0,0,1
386,28,Masculino,5605,Médio,7.48,15,13,1,1,1,2,0
387,29,Feminino,1203,Médio,8.07,45,29,1,1,4,2,1
388,21,Feminino,8633,Médio,8.58,29,11,0,1,0,1,0
389,22,Feminino,1074,Fundamental,9.98,28,25,0,1,4,0,1
390,19,Feminino,6204,Superior,2.41,44,32,0,1,1,0,1
391,28,Masculino,8348,Médio,0.4,14,12,0,0,1,0,1
392,25,Masculino,5708,Médio,4.11,45,13,1,1,3,1,1
393,21,Masculino,7424,Fundamental,1.3,24,23,0,1,4,0,1
394,24,Masculino,4328,Médio,0.22,37,33,0,1,2,0,1
395,29,Feminino,3730,Fundamental,3.6,41,25,1,1,3,0,1
396,17,Masculino,988,Médio,7.84,46,20,0,1,4,2,1
397,21,Masculino,7614,Superior,5.66,37,27,0,0,0,1,1
398,19,Feminino,3673,Médio,3.13,22,35,0,1,0,2,1
399,28,Masculino,2167,Fundamental,6.54,24,39,1,1,1,2,0
400,17,Masculino,4614,Fundamental,2.32,41,1,1,1,2,1,1
401,20,Masculino,4053,Médio,0.14,6,8,1,1,0,2,1
402,29,Masculino,8261,Fundamental,7.64,21,22,0,0,4,0,1
403,21,Masculino,1500,Fundamental,6.24,16,14,1,1,4,0,1
404,23,Masculino,9542,Médio,7.62,17,12,0,1,0,0,0
405,17,Feminino,1888,Médio,0.39,48,22,0,1,4,0,1
406,19,Feminino,5950,Fundamental,8.37,40,16,0,1,4,1,1
407,18,Masculino,4212,Superior,6.2,9,1,0,1,1,2,1
408,25,Masculino,1867,Fundamental,5.63,9,19,0,0,2,2,0
409,26,Feminino,8689,Superior,6.25,6,19,0,1,1,0,0
410,22,Masculino,9513,Médio,8.64,47,2,0,1,2,0,1
411,26,Masculino,954,Superior,5.87,49,11,0,0,4,2,1
412,19,Masculino,3272,Médio,5.81,37,39,1,1,2,1,1
413,24,Feminino,4226,Superior,9.91,26,1,0,1,4,2,1
414,24,Masculino,7732,Superior,7.57,32,35,1,1,4,0,1
415,18,Feminino,5306,Fundamental,4.42,0,13,0,1,1,0,0
416,22,Masculino,2690,Superior,7.07,43,15,1,1,1,1,1
417,23,Feminino,9608,Médio,3.89,33,18,0,1,3,2,1
418,18,Feminino,3375,Médio,2.29,3,33,0,1,0,1,1
419,27,Masculino,6092,Médio,5.97,16,5,0,0,3,1,1
420,26,Feminino,1940,Médio,9.28,3,12,1,1,3,0,1
421,18,Masculino,9427,Fundamental,9.29,42,35,1,1,2,2,1
422,26,Feminino,6559,Médio,3.42,25,21,0,1,4,0,1
423,17,Masculino,7510,Médio,5.28,3,17,0,1,4,2,1
424,24,Masculino,7617,Médio,2.12,0,11,1,1,4,0,1
425,17,Feminino,9653,Superior,9.96,6,29,1,1,0,0,0
426,25,Masculino,3489,Médio,9.81,29,39,0,1,2,2,0
427,27,Masculino,9718,Médio,6.5,49,6,0,1,2,2,1
428,22,Feminino,6728,Fundamental,8.04,8,31,0,1,4,0,1
429,23,Masculino,6971,Fundamental,7.15,34,18,1,1,3,2,1
430,29,Masculino,3363,Fundamental,5.93,7,5,0,1,0,0,0
431,26,Feminino,1677,Médio,0.53,23,19,1,1,3,2,1
432,23,Feminino,5260,Fundamental,4.55,18,26,0,1,1,0,0
433,26,Masculino,511,Superior,6.75,35,36,0,1,2,0,1
434,19,Masculino,5752,Médio,6.78,49,6,0,1,2,0,1
435,18,Feminino,4899,Médio,3.73,42,4,1,1,3,1,1
436,25,Feminino,8734,Médio,9.42,26,10,1,1,0,2,0
437,24,Masculino,9635,Fundamental,1.67,31,14,0,1,2,0,1
438,29,Feminino,5945,Médio,5.0,13,2,1,1,3,1,1
439,28,Masculino,7070,Médio,6.91,17,4,0,1,0,0,1
440,26,Masculino,9696,Médio,6.97,27,22,0,1,3,1,1
441,23,Masculino,8712,Médio,6.49,28,36,0,1,0,0,0
442,25,Masculino,906,Superior,2.75,15,8,0,1,4,0,1
443,20,Masculino,9706,Superior,1.56,34,14,0,1,0,1,1
444,29,Feminino,4931,Médio,6.36,46,2,1,1,1,1,1
445,20,Feminino,5743,Médio,5.99,30,28,0,0,4,2,1
446,17,Feminino,7042,Médio,1.79,3,5,1,1,3,2,1
447,24,Feminino,7436,Fundamental,7.05,36,16,0,1,4,1,1
448,28,Masculino,9406,Médio,4.55,16,25,1,1,4,2,1
449,19,Masculino,4646,Fundamental,6.68,38,20,0,1,3,1,1
450,23,Masculino,640,Médio,8.37,47,7,0,0,3,2,1
451,28,Masculino,5382,Médio,1.7,45,20,0,1,1,0,1
452,18,Feminino,6512,Fundamental,0.19,25,10,0,1,3,2,1
453,18,Masculino,1463,Superior,7.79,47,37,1,0,2,0,1
454,23,Masculino,7651,Superior,6.1,38,7,0,1,2,0,1
455,22,Feminino,9064,Médio,7.0,40,23,1,1,1,2,1
456,19,Feminino,4110,Médio,8.38,3,34,0,1,0,1,0
457,25,Feminino,7394,Superior,8.03,29,13,0,1,0,0,0
458,26,Feminino,7811,Fundamental,9.61,29,13,0,1,2,0,0
459,29,Masculino,605,Médio,5.36,21,9,1,1,3,2,1
460,22,Masculino,6039,Fundamental,4.88,10,11,1,1,1,1,0
461,26,Feminino,7287,Médio,4.02,1,37,0,1,0,1,0
462,26,Masculino,2637,Fundamental,1.54,43,33,0,1,0,2,1
463,22,Masculino,4945,Superior,5.73,11,9,0,1,4,1,1
464,17,Masculino,4030,Superior,2.77,29,16,1,1,2,2,1
465,20,Feminino,1786,Fundamental,9.21,35,16,1,1,3,2,1
466,26,Masculino,7552,Médio,5.83,17,2,0,1,1,2,1
467,22,Feminino,4154,Superior,5.93,25,30,0,1,0,0,0
468,22,Masculino,7602,Médio,3.55,6,0,0,1,4,0,1
469,27,Masculino,2859,Superior,0.52,0,11,1,0,2,0,1
470,28,Masculino,8605,Médio,0.32,25,38,0,1,2,2,1
471,21,Feminino,9136,Médio,4.23,22,3,1,1,1,0,1
472,17,Masculino,6941,Fundamental,0.85,25,12,0,1,0,0,1
473,24,Feminino,5547,Fundamental,6.07,44,33,1,0,1,0,1
474,21,Feminino,8727,Médio,8.81,5,20,1,1,1,2,0
475,28,Feminino,5703,Médio,8.83,5,21,1,1,4,2,1
476,28,Masculino,2298,Médio,6.59,43,3,1,1,2,2,1
477,28,Masculino,5791,Médio,2.11,7,17,1,1,3,0,1
478,21,Masculino,5995,Médio,8.63,23,4,0,1,2,1,1
479,23,Masculino,6784,Superior,8.86,21,18,0,0,2,0,0
480,20,Feminino,7785,Superior,1.97,18,1,0,1,4,0,1
481,22,Feminino,1800,Médio,7.37,36,11,1,1,3,2,1
482,29,Feminino,7369,Superior,2.87,17,16,0,1,0,2,1
483,20,Masculino,9935,Médio,8.03,30,9,1,1,3,0,1
484,19,Feminino,3597,Médio,9.97,36,33,1,1,0,0,1
485,23,Masculino,5116,Superior,0.3,29,5,0,1,3,1,1
486,24,Feminino,509,Fundamental,8.97,41,7,0,1,1,1,1
487,20,Masculino,6252,Fundamental,6.23,32,10,0,1,3,2,1
488,29,Masculino,6795,Superior,9.73,9,11,0,1,4,1,1
489,18,Feminino,5315,Médio,4.65,36,8,0,1,0,1,1
490,28,Feminino,1572,Superior,8.47,11,1,0,1,2,2,1
491,26,Feminino,3725,Superior,0.62,29,7,1,0,4,1,1
492,19,Feminino,1816,Fundamental,3.35,26,10,1,1,0,0,1
493,17,Masculino,6199,Superior,0.67,38,35,0,1,0,1,1
494,24,Feminino,7307,Médio,9.75,8,9,0,1,2,2,0
495,19,Feminino,7174,Médio,8.17,20,20,0,1,1,0,0
496,28,Feminino,4183,Médio,8.53,11,19,1,1,4,1,1
497,26,Masculino,7727,Superior,9.38,28,7,1,0,2,0,0
498,23,Masculino,3773,Fundamental,0.85,32,35,0,1,2,0,1
499,26,Feminino,7500,Médio,3.86,42,28,0,1,1,1,1
500,21,Masculino,645,Médio,0.71,14,11,1,1,4,1,1
501,26,Feminino,5510,Médio,2.11,1,13,1,0,2,2,1
502,21,Masculino,3540,Médio,2.29,38,20,0,1,1,2,1
503,23,Masculino,982,Fundamental,4.69,43,21,1,1,4,0,1
504,25,Masculino,3679,Fundamental,2.69,17,20,0,1,3,2,1
505,28,Masculino,1749,Médio,1.01,2,29,0,1,0,0,1
506,21,Feminino,1130,Superior,1.67,6,38,1,1,1,0,1
507,17,Feminino,9353,Fundamental,1.47,42,19,1,1,0,2,1
508,26,Feminino,3352,Fundamental,9.73,17,23,0,1,3,2,1
509,26,Masculino,1487,Superior,7.59,43,22,1,1,2,2,1
510,17,Feminino,8122,Fundamental,9.68,37,6,0,1,2,1,1
511,18,Feminino,7827,Superior,4.4,36,8,1,1,4,0,1
512,22,Feminino,9341,Médio,2.78,32,0,0,1,1,0,1
513,25,Masculino,9660,Superior,7.98,43,25,1,1,1,0,1
514,24,Masculino,1600,Fundamental,3.26,30,37,1,1,4,2,1
515,29,Masculino,7152,Fundamental,2.99,10,37,0,1,0,2,1
516,21,Feminino,9132,Médio,2.33,3,21,1,1,2,2,1
517,17,Feminino,7921,Superior,1.3,17,9,1,1,2,2,1
518,29,Feminino,5516,Médio,2.56,3,5,1,1,1,2,1
519,23,Masculino,1269,Fundamental,3.55,48,16,0,1,1,1,1
520,21,Masculino,1843,Médio,6.74,33,37,1,0,4,2,1
521,22,Feminino,4858,Médio,0.63,28,23,1,1,3,0,1
522,29,Masculino,7280,Médio,2.11,23,9,0,1,0,2,1
523,23,Masculino,7102,Médio,8.09,21,7,1,1,3,0,1
524,19,Masculino,2849,Superior,1.47,1,20,0,1,3,2,1
525,28,Masculino,6199,Médio,3.43,43,5,0,1,1,2,1
526,26,Feminino,1741,Fundamental,8.65,5,20,0,1,1,0,0
527,19,Masculino,1625,Médio,1.55,41,38,0,0,1,0,1
528,21,Masculino,9882,Fundamental,0.83,24,23,1,1,3,0,1
529,22,Masculino,7264,Médio,4.85,20,32,0,1,0,0,0
530,25,Masculino,5601,Médio,3.02,15,17,1,1,1,1,1
531,29,Feminino,8343,Fundamental,5.63,30,27,0,1,2,0,0
532,28,Feminino,572,Médio,8.04,13,31,0,1,0,2,1
533,21,Masculino,5972,Fundamental,1.37,38,11,0,1,2,2,1
534,17,Masculino,5689,Superior,5.81,27,26,0,1,0,1,0
535,20,Masculino,2972,Superior,5.06,31,9,1,1,1,0,1
536,21,Masculino,1207,Fundamental,1.44,27,31,1,1,4,2,1
537,28,Masculino,2304,Superior,6.24,48,25,1,0,1,1,1
538,26,Masculino,7204,Médio,2.74,8,24,0,1,3,2,1
539,26,Feminino,4213,Fundamental,4.88,44,10,0,1,3,1,1
540,21,Masculino,5551,Fundamental,0.82,21,22,0,1,0,1,1
541,23,Feminino,2975,Médio,4.6,31,33,0,0,3,0,1
542,20,Feminino,4110,Médio,3.06,4,39,0,1,1,1,1
543,17,Masculino,4755,Médio,8.22,22,22,1,1,2,2,0
544,21,Feminino,7897,Fundamental,0.57,4,28,0,1,1,2,1
545,23,Feminino,2235,Fundamental,4.19,41,30,1,1,0,0,1
546,26,Feminino,8758,Médio,4.58,31,6,0,1,3,0,1
547,26,Feminino,8479,Fundamental,7.25,9,39,0,1,2,1,0
548,22,Feminino,2928,Fundamental,5.74,38,32,1,0,4,0,1
549,21,Feminino,7926,Fundamental,6.67,14,20,0,1,2,2,0
550,20,Masculino,9033,Superior,7.77,6,1,1,1,2,2,1
551,18,Feminino,5749,Superior,8.62,28,17,1,1,1,0,0
552,20,Feminino,5791,Médio,3.14,46,32,0,1,4,0,1
553,26,Feminino,3317,Superior,5.38,2,36,1,1,0,0,0
554,26,Masculino,9924,Médio,8.4,18,33,0,1,0,1,0
555,19,Feminino,4374,Médio,9.89,9,19,0,0,2,1,0
556,26,Masculino,4711,Fundamental,8.9,27,34,1,1,2,2,0
557,17,Feminino,1161,Médio,3.71,28,17,0,1,3,1,1
558,24,Masculino,3874,Superior,1.95,14,23,1,1,4,1,1
559,21,Masculino,9708,Médio,4.89,34,7,1,1,2,1,1
560,29,Feminino,707,Médio,7.42,5,29,1,1,3,1,1
561,20,Feminino,3165,Médio,4.93,11,9,0,1,4,2,1
562,24,Masculino,2993,Fundamental,4.83,46,22,0,1,0,0,1
563,23,Feminino,7313,Superior,8.38,37,10,1,1,3,2,1
564,18,Masculino,1132,Médio,3.61,12,1,0,1,4,1,1
565,17,Masculino,3583,Médio,8.6,28,25,0,0,3,0,1
566,28,Masculino,4219,Médio,4.07,18,35,0,1,2,0,0
567,27,Masculino,7623,Médio,3.28,2,32,0,1,1,0,1
568,20,Masculino,2179,Fundamental,4.54,7,12,0,1,0,2,0
569,24,Feminino,736,Médio,7.62,7,39,1,1,2,0,1
570,28,Masculino,7946,Fundamental,1.26,19,24,1,1,2,2,1
571,18,Masculino,4943,Médio,1.96,46,3,0,1,4,2,1
572,19,Feminino,7270,Superior,9.51,3,18,0,1,3,1,1
573,28,Masculino,6599,Superior,1.75,20,17,0,1,0,1,1
574,17,Feminino,9055,Médio,5.68,2,36,1,0,2,0,0
575,17,Feminino,2868,Médio,5.79,44,29,0,1,4,0,1
576,29,Feminino,785,Fundamental,4.9,7,18,1,1,0,1,1
577,19,Masculino,648,Médio,6.45,22,22,0,1,3,2,1
578,27,Masculino,4537,Fundamental,2.3,15,15,1,1,2,2,1
579,21,Masculino,7049,Médio,5.53,12,0,0,1,2,1,1
580,28,Feminino,7621,Fundamental,3.72,2,11,1,1,2,2,1
581,19,Masculino,5395,Fundamental,6.62,47,23,0,1,0,1,1
582,17,Feminino,5780,Médio,1.41,8,33,1,1,0,1,1
583,17,Masculino,1512,Fundamental,5.71,13,7,0,1,0,0,0
584,24,Feminino,3285,Médio,1.85,12,17,1,1,0,0,1
585,26,Masculino,4225,Médio,2.79,6,4,1,1,4,1,1
586,27,Masculino,5076,Fundamental,2.19,14,25,0,1,1,0,1
587,28,Masculino,6282,Médio,1.83,6,29,1,1,4,1,1
588,29,Feminino,6757,Fundamental,8.26,37,12,0,1,2,2,1
589,29,Feminino,2908,Fundamental,2.86,33,18,0,1,4,2,1
590,28,Masculino,840,Médio,9.27,40,28,0,1,3,2,1
591,18,Masculino,3317,Fundamental,9.7,21,2,0,1,0,2,1
592,29,Feminino,2996,Superior,5.71,23,25,1,1,3,1,1
593,19,Feminino,6462,Fundamental,1.43,48,39,1,1,3,2,1
594,18,Feminino,5799,Fundamental,3.75,36,11,0,1,2,2,1
595,19,Masculino,8074,Médio,7.98,43,1,0,0,0,2,1
596,23,Feminino,2189,Médio,3.67,0,10,1,1,3,2,1
597,17,Masculino,3767,Fundamental,0.87,9,27,1,1,2,1,1
598,26,Feminino,4906,Médio,5.57,42,17,0,1,0,2,1
599,24,Masculino,8953,Fundamental,8.45,15,12,1,1,1,0,0
600,29,Feminino,1942,Superior,7.96,45,36,0,1,2,0,1
601,26,Feminino,9097,Médio,1.75,7,21,0,1,4,0,1
602,26,Feminino,4937,Médio,6.73,48,11,1,1,0,0,1
603,26,Feminino,5935,Superior,2.21,24,1,0,1,3,0,1
604,18,Feminino,8935,Médio,2.18,49,36,0,1,3,0,1
605,19,Masculino,4607,Superior,8.74,11,6,0,1,4,1,1
606,25,Feminino,1060,Médio,2.5,24,25,1,1,4,0,1
607,23,Feminino,9285,Superior,2.63,16,25,1,1,3,2,1
608,20,Feminino,6048,Fundamental,0.01,25,23,0,1,0,0,1
609,26,Masculino,2326,Médio,8.71,45,11,0,1,2,1,1
610,21,Feminino,8129,Médio,7.93,47,15,0,1,4,0,1
611,18,Masculino,8825,Médio,6.27,13,22,0,1,4,2,1
612,29,Feminino,3638,Médio,7.5,40,39,0,1,4,2,1
613,27,Feminino,8193,Médio,1.52,35,8,1,1,1,1,1
614,29,Masculino,8764,Fundamental,4.58,22,31,0,0,0,1,0
615,24,Feminino,8342,Fundamental,3.51,42,14,0,1,0,1,1
616,20,Masculino,7221,Médio,0.94,5,36,0,1,0,1,1
617,25,Masculino,7502,Médio,4.86,46,12,0,1,0,0,1
618,21,Feminino,4725,Superior,9.21,4,4,1,1,0,0,1
619,29,Masculino,3478,Médio,0.4,42,10,0,1,3,2,1
620,25,Feminino,7873,Superior,2.91,24,9,0,1,4,1,1
621,20,Feminino,6407,Médio,2.08,17,12,0,0,3,1,1
622,26,Masculino,6597,Fundamental,2.38,12,14,0,1,1,0,1
623,21,Masculino,6156,Fundamental,9.08,42,6,0,1,2,1,1
624,25,Masculino,9484,Médio,4.68,13,39,0,1,4,2,1
625,24,Masculino,4759,Médio,4.66,27,27,0,1,1,2,0
626,19,Feminino,8786,Fundamental,7.61,17,31,0,1,3,1,1
627,17,Feminino,6401,Médio,1.54,27,34,0,1,2,2,1
628,19,Masculino,9825,Superior,4.87,26,14,0,1,1,2,0
629,20,Feminino,5417,Médio,4.3,31,35,1,1,2,0,1
630,18,Feminino,8929,Médio,5.97,46,20,0,1,1,2,1
631,17,Feminino,3030,Médio,10.0,8,5,0,1,3,1,1
632,23,Feminino,2460,Fundamental,7.69,39,0,0,1,2,1,1
633,24,Masculino,7545,Médio,3.98,31,3,0,0,1,2,1
634,23,Masculino,1548,Médio,8.28,19,10,1,1,3,1,1
635,21,Feminino,6272,Fundamental,1.71,27,25,0,1,4,0,1
636,28,Masculino,3029,Médio,0.3,32,36,1,1,3,2,1
637,17,Masculino,3464,Médio,2.04,3,22,0,0,3,2,1
638,23,Masculino,7637,Superior,3.4,45,28,0,0,4,2,1
639,29,Feminino,1463,Superior,5.11,33,20,1,1,3,1,1
640,23,Feminino,1036,Fundamental,6.15,47,26,0,1,4,1,1
641,25,Feminino,7840,Médio,9.11,2,38,0,1,4,2,1
642,19,Masculino,7679,Médio,5.1,25,39,0,1,4,1,1
643,25,Feminino,8467,Superior,5.01,7,12,1,1,1,1,0
644,17,Feminino,9234,Fundamental,0.5,5,22,0,1,2,2,1
645,17,Masculino,1345,Médio,0.35,15,15,1,0,1,2,1
646,20,Feminino,6277,Médio,5.51,23,29,0,1,4,1,1
647,25,Feminino,3536,Fundamental,4.38,47,3,1,1,2,2,1
648,22,Masculino,6447,Fundamental,8.39,38,39,0,0,2,2,1
649,29,Masculino,2994,Médio,1.61,29,15,1,1,4,2,1
650,27,Masculino,3219,Médio,0.25,44,30,0,1,2,2,1
651,19,Feminino,2384,Médio,4.49,12,24,1,1,2,1,0
652,17,Feminino,4849,Médio,2.37,4,11,0,1,1,2,1
653,20,Feminino,5679,Médio,0.5,24,25,0,0,2,0,1
654,28,Masculino,7110,Médio,7.25,19,36,0,0,4,2,1
655,29,Masculino,6930,Fundamental,1.12,17,32,0,1,0,0,1
656,25,Feminino,7654,Superior,6.08,46,27,0,1,0,2,1
657,19,Feminino,6988,Fundamental,2.81,17,8,1,1,0,0,1
658,28,Masculino,5237,Médio,1.73,1,11,1,1,4,0,1
659,25,Masculino,7025,Fundamental,3.8,9,4,0,1,0,2,1
660,23,Masculino,4350,Fundamental,8.01,44,27,1,1,1,2,1
661,28,Masculino,1189,Médio,3.92,49,34,0,1,4,2,1
662,20,Feminino,5675,Fundamental,7.51,46,4,0,1,4,0,1
663,19,Masculino,9148,Superior,1.25,11,33,1,1,4,1,1
664,26,Feminino,5578,Fundamental,7.73,46,33,1,1,2,1,1
665,21,Feminino,5948,Médio,2.37,12,12,1,0,2,2,1
666,21,Feminino,1679,Médio,6.77,49,38,0,1,2,1,1
667,19,Masculino,9574,Fundamental,5.66,46,13,1,1,3,1,1
668,28,Masculino,6906,Fundamental,9.29,10,10,0,1,1,2,0
669,25,Masculino,9091,Médio,3.87,18,37,0,1,4,0,1
670,20,Masculino,7407,Médio,0.66,34,3,0,1,4,2,1
671,27,Feminino,9300,Médio,0.19,38,32,1,1,2,1,1
672,21,Masculino,2138,Médio,8.27,25,6,1,1,4,0,1
673,20,Masculino,6171,Médio,5.25,45,7,1,1,4,1,1
674,21,Feminino,7428,Fundamental,7.75,13,36,0,0,0,0,0
675,23,Masculino,1882,Médio,2.34,44,9,0,1,4,1,1
676,25,Feminino,1903,Superior,3.45,43,14,0,1,3,2,1
677,23,Feminino,9511,Médio,0.3,23,37,0,1,2,1,1
678,29,Feminino,3792,Médio,9.61,40,14,0,1,1,1,1
679,21,Feminino,9511,Médio,6.68,0,4,1,1,1,0,1
680,26,Feminino,919,Médio,9.33,42,28,0,1,0,1,1
681,26,Feminino,5017,Médio,2.65,21,18,0,1,1,2,1
682,23,Feminino,3802,Médio,6.11,22,9,0,1,1,2,0
683,26,Feminino,8357,Superior,6.78,18,11,0,1,2,2,0
684,21,Masculino,8370,Fundamental,3.18,17,3,0,1,2,0,1
685,19,Masculino,6193,Fundamental,8.48,11,30,1,1,3,0,1
686,23,Masculino,1267,Médio,9.47,27,17,1,1,0,1,1
687,29,Masculino,2544,Superior,8.85,27,15,1,1,1,1,0
688,27,Feminino,2049,Fundamental,7.39,32,39,0,1,3,1,1
689,27,Masculino,6640,Fundamental,2.77,18,35,0,1,0,0,1
690,18,Feminino,4216,Fundamental,2.82,27,24,0,1,1,0,1
691,28,Masculino,4981,Fundamental,9.63,48,22,1,1,1,1,1
692,25,Masculino,8398,Médio,0.1,36,11,1,1,2,0,1
693,26,Masculino,7048,Médio,7.16,25,33,0,1,4,0,1
694,26,Feminino,2793,Médio,7.06,34,35,0,1,0,2,1
695,28,Masculino,5337,Médio,6.23,33,36,0,1,1,2,1
696,17,Feminino,8258,Fundamental,9.9,34,2,1,1,0,1,1
697,29,Feminino,7293,Fundamental,3.12,39,8,1,1,3,1,1
698,22,Masculino,8138,Médio,3.4,15,17,0,1,3,2,1
699,23,Masculino,8493,Superior,0.79,37,34,0,1,4,0,1
700,29,Masculino,6507,Superior,4.43,12,33,0,1,1,1,0
701,24,Feminino,6042,Fundamental,2.61,22,13,0,1,2,1,1
702,26,Masculino,9592,Superior,3.43,21,3,0,1,1,1,1
703,25,Feminino,6856,Médio,8.35,15,28,0,1,0,0,0
704,18,Feminino,8933,Médio,9.35,27,14,1,1,3,2,1
705,27,Masculino,7880,Médio,1.86,47,27,1,1,0,1,1
706,26,Masculino,2885,Médio,3.73,34,15,0,1,4,2,1
707,18,Feminino,4768,Médio,9.29,44,11,1,1,3,2,1
708,21,Feminino,1171,Fundamental,0.62,45,4,0,1,2,0,1
709,29,Feminino,663,Fundamental,0.92,7,33,0,1,3,0,1
710,21,Masculino,9156,Fundamental,1.63,43,0,0,1,1,0,1
711,22,Feminino,5092,Médio,5.95,21,38,0,1,1,0,0
712,19,Masculino,5295,Médio,1.5,20,31,0,1,3,0,1
713,24,Feminino,5298,Médio,9.68,25,25,0,0,4,0,1
714,29,Feminino,6536,Fundamental,4.47,39,16,0,1,1,1,1
715,17,Masculino,2855,Superior,5.02,20,26,1,1,1,2,0
716,22,Feminino,6387,Superior,2.47,24,23,0,1,2,0,1
717,20,Masculino,8461,Médio,4.71,40,34,0,1,3,1,1
718,17,Masculino,6327,Superior,6.62,0,38,0,1,1,2,0
719,23,Feminino,9237,Médio,7.51,5,25,1,1,4,0,1
720,25,Masculino,5219,Superior,7.54,22,37,0,1,0,0,0
721,29,Masculino,1093,Fundamental,5.78,22,22,1,1,3,1,1
722,20,Feminino,5339,Médio,9.04,42,21,0,0,2,2,1
723,20,Masculino,7894,Fundamental,8.17,42,3,0,1,1,0,1
724,22,Masculino,3993,Fundamental,7.57,22,8,0,1,4,2,1
725,28,Masculino,6664,Fundamental,0.56,31,3,0,1,3,1,1
726,19,Feminino,3172,Médio,0.07,29,6,0,1,4,0,1
727,29,Masculino,4700,Médio,2.12,12,22,0,1,4,2,1
728,28,Feminino,516,Médio,6.64,42,1,0,1,2,1,1
729,22,Feminino,3691,Fundamental,4.11,17,23,0,1,3,1,1
730,23,Masculino,892,Superior,4.02,22,39,0,1,1,0,1
731,27,Masculino,9116,Médio,8.85,14,30,1,1,2,2,0
732,26,Masculino,6772,Médio,8.96,32,30,0,1,1,0,1
733,26,Feminino,1071,Médio,9.09,20,39,1,1,0,0,1
734,19,Masculino,4131,Fundamental,3.14,38,33,1,1,4,2,1
735,23,Masculino,6672,Médio,6.91,22,23,0,1,0,2,0
736,19,Masculino,9812,Superior,2.72,26,25,0,1,4,2,1
737,29,Masculino,7677,Fundamental,1.91,44,15,0,1,2,1,1
738,29,Masculino,8933,Médio,1.85,43,12,1,1,1,1,1
739,18,Feminino,4397,Superior,3.42,17,14,1,1,1,2,1
740,28,Feminino,8623,Médio,4.3,23,26,1,1,2,1,0
741,26,Masculino,2779,Fundamental,8.31,46,3,1,1,3,0,1
742,20,Masculino,9480,Fundamental,1.2,39,15,1,1,0,2,1
743,28,Masculino,7951,Fundamental,7.35,41,29,0,1,0,0,1
744,24,Masculino,9406,Médio,5.31,6,29,0,1,1,2,0
745,29,Feminino,1275,Médio,2.88,49,35,1,1,1,0,1
746,25,Masculino,7369,Fundamental,4.93,47,2,0,1,1,2,1
747,23,Feminino,2747,Superior,3.0,19,21,0,1,2,0,1
748,17,Feminino,7588,Médio,5.96,26,21,1,1,3,2,1
749,19,Masculino,578,Fundamental,4.34,5,11,0,1,0,2,1
750,29,Feminino,8580,Médio,1.64,26,20,1,1,4,1,1
751,28,Feminino,7599,Médio,1.17,8,3,1,1,2,0,1
752,25,Feminino,4426,Fundamental,5.47,44,30,0,1,0,1,1
753,28,Feminino,9547,Fundamental,9.02,30,30,1,1,3,0,1
754,17,Masculino,7840,Superior,3.44,20,22,0,1,2,1,1
755,25,Masculino,7583,Médio,7.33,25,19,0,1,0,2,0
756,24,Feminino,6730,Médio,6.59,39,14,0,1,2,1,1
757,17,Masculino,9723,Médio,9.32,47,22,0,1,0,1,1
758,22,Masculino,5440,Fundamental,8.21,44,27,0,1,0,2,1
759,21,Masculino,3771,Fundamental,5.67,12,15,0,1,3,1,1
760,22,Masculino,3956,Médio,6.57,48,36,0,1,4,2,1
761,26,Masculino,8288,Fundamental,8.98,22,20,0,1,3,0,1
762,28,Feminino,9099,Fundamental,4.0,19,14,1,1,0,1,0
763,29,Masculino,8150,Superior,3.27,36,16,1,1,2,2,1
764,29,Masculino,3211,Superior,0.11,27,36,0,1,3,2,1
765,29,Masculino,2168,Médio,8.27,16,12,0,1,4,1,1
766,21,Masculino,647,Superior,8.01,27,18,0,1,0,0,1
767,22,Feminino,6920,Fundamental,1.04,40,29,0,1,3,1,1
768,21,Feminino,865,Superior,5.77,1,17,1,1,3,2,1
769,27,Feminino,5031,Fundamental,4.64,24,13,1,1,3,0,1
770,28,Feminino,5830,Superior,1.19,49,35,0,1,3,1,1
771,21,Masculino,6010,Superior,9.81,40,35,0,1,2,2,1
772,20,Feminino,9254,Médio,2.15,5,19,0,1,4,1,1
773,19,Masculino,9464,Superior,0.67,10,18,1,1,4,0,1
774,19,Masculino,6993,Médio,5.95,37,6,0,1,0,0,1
775,20,Masculino,5939,Fundamental,7.39,5,3,1,1,1,0,1
776,25,Masculino,7011,Médio,0.32,44,33,1,1,2,0,1
777,18,Masculino,8004,Médio,6.59,10,1,0,1,0,0,1
778,25,Feminino,1746,Fundamental,5.32,13,4,0,0,0,1,1
779,17,Feminino,4339,Médio,1.03,1,9,1,1,3,0,1
780,17,Feminino,9051,Superior,1.73,39,31,0,0,1,0,1
781,21,Feminino,2876,Fundamental,5.68,2,12,0,1,1,2,0
782,22,Masculino,3509,Médio,2.96,34,38,0,1,2,0,1
783,22,Feminino,9654,Superior,9.38,32,4,1,1,1,2,1
784,19,Masculino,2327,Superior,8.19,23,9,1,1,0,2,0
785,23,Feminino,7479,Superior,9.84,18,9,1,1,1,2,0
786,25,Masculino,9069,Médio,2.6,17,37,1,1,1,1,1
787,27,Masculino,4785,Superior,9.7,48,26,1,1,4,1,1
788,28,Feminino,7410,Médio,4.31,23,20,1,1,0,2,0
789,26,Masculino,9061,Fundamental,3.48,44,7,0,1,1,1,1
790,24,Masculino,2696,Médio,0.5,34,0,0,1,1,0,1
791,22,Feminino,4247,Médio,0.53,0,27,1,1,3,1,1
792,28,Masculino,9343,Fundamental,6.92,35,38,1,1,1,0,1
793,24,Feminino,6478,Médio,4.58,24,13,1,0,1,0,0
794,28,Feminino,6107,Médio,2.27,44,20,0,1,4,1,1
795,21,Feminino,1269,Fundamental,6.14,48,29,1,1,0,1,1
796,24,Masculino,1280,Médio,2.53,42,20,1,1,2,2,1
797,26,Masculino,6803,Médio,5.78,33,8,0,1,0,1,1
798,28,Masculino,4483,Médio,3.59,24,16,0,1,3,1,1
799,20,Feminino,9214,Fundamental,8.24,15,4,0,1,0,1,1
800,26,Masculino,1021,Fundamental,8.21,33,30,0,1,1,0,1
801,24,Feminino,9627,Médio,4.77,28,39,0,1,3,0,1
802,26,Feminino,8069,Superior,3.51,18,37,0,1,0,0,1
803,28,Masculino,6284,Fundamental,3.63,22,18,0,1,3,2,1
804,18,Feminino,5083,Médio,8.06,18,35,1,0,2,2,0
805,28,Masculino,6446,Fundamental,3.28,24,32,1,0,0,2,1
806,28,Masculino,5441,Médio,2.09,15,12,1,1,1,0,1
807,21,Masculino,6767,Superior,0.85,8,13,0,1,3,1,1
808,25,Masculino,7628,Médio,4.67,0,32,0,1,4,2,1
809,20,Masculino,2961,Fundamental,4.82,41,28,1,1,3,2,1
810,27,Feminino,1185,Médio,8.41,18,35,0,1,4,0,1
811,22,Feminino,2660,Fundamental,2.21,32,9,1,0,1,2,1
812,17,Feminino,7531,Médio,3.81,33,30,1,1,2,1,1
813,25,Masculino,5841,Médio,8.08,15,5,0,0,4,0,1
814,17,Masculino,538,Fundamental,8.24,43,0,1,1,2,0,1
815,21,Masculino,5375,Fundamental,3.85,39,6,0,1,3,1,1
816,20,Feminino,1756,Médio,4.59,17,26,0,1,1,1,0
817,29,Masculino,8197,Superior,3.03,33,20,1,1,4,1,1
818,28,Feminino,2696,Superior,9.33,24,27,0,1,3,2,1
819,29,Feminino,7665,Fundamental,1.19,44,15,1,1,0,1,1
820,29,Masculino,801,Médio,9.34,5,22,0,1,3,0,1
821,19,Masculino,8027,Médio,6.84,20,19,0,0,2,1,0
822,29,Feminino,6881,Médio,5.32,5,37,0,1,1,0,0
823,22,Masculino,1146,Médio,0.33,31,24,1,1,1,0,1
824,18,Feminino,9289,Superior,4.76,40,27,0,1,3,2,1
825,19,Masculino,9353,Superior,4.08,47,4,0,0,0,1,1
826,21,Masculino,4830,Médio,1.61,42,20,1,1,2,2,1
827,25,Feminino,7503,Médio,6.56,38,17,0,1,3,1,1
828,18,Masculino,4037,Médio,9.71,30,5,1,1,3,1,1
829,26,Feminino,5058,Fundamental,5.62,41,28,0,0,1,1,1
830,24,Masculino,7079,Médio,7.15,9,18,1,1,2,1,0
831,18,Feminino,8974,Médio,0.68,29,32,1,1,0,1,1
832,27,Feminino,4582,Médio,4.18,17,0,0,1,1,0,1
833,29,Masculino,4683,Fundamental,1.16,23,2,0,1,3,0,1
834,21,Feminino,9152,Fundamental,6.13,8,20,1,1,1,1,0
835,23,Masculino,4254,Superior,9.38,30,34,0,1,1,0,0
836,24,Masculino,2224,Fundamental,6.62,14,39,1,1,4,2,1
837,17,Masculino,1876,Médio,0.77,3,2,0,1,1,2,1
838,22,Feminino,9206,Fundamental,3.55,39,24,0,1,1,2,1
839,17,Feminino,9394,Fundamental,5.51,8,37,0,0,2,1,0
840,18,Masculino,2153,Fundamental,4.03,44,19,1,1,1,1,1
841,17,Masculino,2566,Fundamental,8.34,8,33,0,1,0,0,0
842,27,Feminino,522,Superior,8.15,25,20,1,1,3,0,1
843,21,Masculino,2960,Fundamental,6.12,3,22,1,1,2,0,0
844,26,Masculino,6426,Superior,3.73,16,5,0,1,1,2,1
845,25,Feminino,6751,Médio,2.55,15,12,0,1,0,2,1
846,22,Masculino,9996,Médio,1.06,14,22,1,1,3,2,1
847,27,Feminino,7795,Médio,3.55,34,8,0,1,2,2,1
848,27,Masculino,3800,Médio,4.13,4,16,1,1,0,0,0
849,17,Feminino,6779,Médio,6.76,4,1,0,1,1,1,1
850,29,Masculino,9053,Fundamental,6.58,19,18,0,1,4,1,1
851,17,Masculino,7853,Médio,0.7,14,18,1,1,4,2,1
852,18,Feminino,4227,Superior,3.95,17,6,0,0,2,1,1
853,25,Masculino,6772,Superior,1.82,46,19,0,1,0,1,1
854,19,Feminino,6495,Superior,1.57,1,8,0,1,3,1,1
855,17,Masculino,9976,Médio,8.27,28,16,0,1,0,2,0
856,21,Feminino,1014,Médio,0.42,12,26,0,1,4,0,1
857,23,Feminino,948,Médio,4.19,3,1,1,0,2,0,1
858,22,Feminino,6519,Médio,1.68,41,35,0,1,1,1,1
859,28,Feminino,5843,Fundamental,8.79,44,18,0,1,0,0,1
860,17,Masculino,8533,Médio,5.57,9,16,1,1,4,0,1
861,21,Masculino,3020,Fundamental,2.31,30,4,0,1,3,2,1
862,21,Feminino,3581,Médio,5.02,40,38,0,0,2,2,1
863,22,Feminino,1928,Superior,7.31,7,17,1,1,1,1,0
864,19,Feminino,4467,Fundamental,9.58,2,6,1,0,0,1,0
865,21,Masculino,6945,Fundamental,2.2,47,16,0,1,3,1,1
866,23,Masculino,9614,Fundamental,8.86,45,38,1,1,1,2,1
867,21,Masculino,2659,Superior,9.34,8,35,0,1,4,0,1
868,21,Masculino,5632,Médio,9.16,29,39,1,1,4,2,1
869,21,Feminino,3047,Médio,6.35,10,3,0,1,3,2,1
870,26,Feminino,3479,Superior,6.3,34,37,0,1,4,0,1
871,26,Feminino,3149,Superior,4.03,36,24,0,1,2,0,1
872,19,Masculino,9005,Médio,7.52,41,4,0,0,3,1,1
873,17,Masculino,3583,Médio,5.31,12,29,0,1,4,0,1
874,21,Masculino,1537,Médio,6.77,35,11,1,1,0,0,1
875,25,Feminino,3989,Médio,4.28,12,3,0,1,4,0,1
876,17,Feminino,8104,Fundamental,7.31,11,23,0,1,2,0,0
877,19,Masculino,8044,Superior,8.24,36,28,0,1,1,1,1
878,29,Feminino,3134,Médio,1.46,9,8,0,1,1,1,1
879,29,Masculino,4483,Fundamental,8.33,8,3,1,1,4,0,1
880,20,Masculino,2278,Médio,5.4,6,23,0,1,1,0,0
881,17,Feminino,8402,Fundamental,8.45,1,13,0,1,4,1,1
882,17,Masculino,5610,Fundamental,4.31,22,4,0,1,2,1,1
883,24,Feminino,5689,Médio,3.79,38,17,1,1,1,0,1
884,18,Masculino,7878,Fundamental,9.15,39,18,0,0,0,2,1
885,28,Feminino,1624,Médio,2.51,38,11,0,1,4,1,1
886,24,Feminino,1197,Médio,8.44,20,17,0,1,1,1,1
887,23,Feminino,2679,Fundamental,4.84,22,16,0,1,2,1,0
888,26,Masculino,5751,Superior,5.14,28,29,0,1,2,0,0
889,26,Masculino,9735,Fundamental,3.08,13,23,1,1,0,0,1
890,18,Feminino,2429,Médio,5.73,25,10,1,1,2,1,0
891,22,Feminino,1513,Médio,3.25,4,34,1,1,2,0,1
892,22,Masculino,726,Fundamental,0.39,30,22,0,1,1,0,1
893,19,Masculino,7821,Fundamental,2.72,24,16,0,1,4,1,1
894,27,Masculino,2328,Médio,0.06,30,0,0,1,3,0,1
895,18,Feminino,8409,Superior,9.78,49,14,1,1,2,2,1
896,28,Masculino,6088,Fundamental,9.66,19,31,0,1,2,0,0
897,17,Masculino,2523,Médio,3.95,43,8,1,1,3,0,1
898,22,Feminino,5466,Médio,7.28,16,14,0,1,2,1,0
899,28,Masculino,6391,Superior,3.46,44,27,0,0,1,1,1
900,21,Masculino,1580,Médio,6.71,1,23,0,1,1,2,0
901,27,Masculino,5536,Médio,8.05,24,34,0,1,3,0,1
902,25,Feminino,3063,Médio,9.47,12,21,1,1,2,2,0
903,17,Feminino,3792,Médio,4.0,38,26,1,1,2,2,1
904,23,Feminino,4086,Superior,7.83,27,18,0,1,4,1,1
905,21,Feminino,4931,Fundamental,2.66,41,11,0,1,2,0,1
906,21,Feminino,7341,Médio,9.9,5,19,1,1,1,1,0
907,18,Feminino,7143,Superior,0.26,2,0,1,1,0,2,1
908,27,Feminino,4459,Superior,6.04,34,20,0,1,0,2,1
909,19,Masculino,661,Superior,6.6,17,0,0,1,0,1,1
910,23,Masculino,1093,Médio,6.88,10,9,0,1,0,1,1
911,22,Feminino,3890,Médio,1.2,19,31,0,1,2,1,1
912,28,Masculino,6497,Médio,9.39,4,38,0,1,2,1,0
913,18,Masculino,6854,Médio,1.81,18,21,0,1,4,1,1
914,22,Feminino,1163,Fundamental,6.23,21,17,0,1,2,2,1
915,18,Masculino,9824,Médio,2.23,18,31,0,1,0,1,1
916,18,Masculino,1041,Médio,3.07,46,26,0,1,3,0,1
917,18,Masculino,5933,Fundamental,5.46,15,27,1,1,3,2,1
918,27,Masculino,5593,Médio,4.17,23,17,1,1,1,2,0
919,19,Masculino,1367,Médio,1.6,40,38,0,1,1,0,1
920,18,Feminino,9123,Superior,1.71,3,28,1,0,2,0,1
921,20,Feminino,5969,Fundamental,4.18,14,17,1,1,3,2,1
922,25,Feminino,6756,Fundamental,7.57,24,7,0,1,0,1,0
923,22,Masculino,9898,Médio,8.98,43,30,0,0,0,2,1
924,17,Feminino,1669,Fundamental,0.84,34,33,1,1,0,2,1
925,24,Masculino,1330,Médio,3.93,13,6,1,1,2,0,1
926,28,Masculino,2151,Médio,1.0,48,35,1,1,2,2,1
927,23,Masculino,1636,Fundamental,0.17,18,17,1,0,4,1,1
928,26,Masculino,3310,Médio,6.62,37,37,1,1,0,0,1
929,19,Feminino,9167,Médio,6.02,35,8,0,1,0,2,1
930,17,Feminino,1519,Médio,1.63,6,8,0,1,2,2,1
931,21,Masculino,5737,Superior,2.34,29,7,0,1,2,1,1
932,29,Feminino,1783,Superior,0.24,18,34,0,1,4,2,1
933,20,Masculino,1159,Médio,8.35,48,17,1,1,4,2,1
934,26,Feminino,2510,Médio,9.75,24,4,0,0,1,2,1
935,24,Feminino,9090,Médio,1.35,15,13,1,1,3,2,1
936,17,Masculino,2233,Superior,2.31,46,27,0,1,0,1,1
937,26,Feminino,2625,Médio,8.68,39,29,0,1,0,2,1
938,17,Masculino,2671,Médio,9.26,7,3,0,1,4,2,1
939,28,Feminino,8766,Superior,4.2,17,38,0,0,4,2,1
940,20,Masculino,3971,Fundamental,0.51,27,19,1,1,1,0,1
941,24,Masculino,9528,Superior,0.39,15,24,1,1,3,1,1
942,21,Feminino,6124,Fundamental,5.74,18,27,1,1,1,0,0
943,18,Feminino,9191,Médio,3.93,41,11,0,0,3,0,1
944,22,Masculino,8829,Médio,0.29,16,1,0,1,0,1,1
945,21,Feminino,2597,Superior,5.83,44,13,0,1,1,0,1
946,18,Feminino,5568,Superior,0.11,12,21,0,1,4,0,1
947,29,Masculino,6897,Médio,7.87,6,30,1,1,1,0,0
948,27,Masculino,3257,Médio,3.06,26,22,1,0,1,1,1
949,27,Feminino,4420,Médio,0.4,9,19,1,1,0,2,1
950,27,Masculino,8686,Superior,5.88,33,37,0,1,4,1,1
951,19,Masculino,2400,Médio,3.98,35,3,1,1,4,1,1
952,25,Masculino,3110,Médio,9.74,24,14,0,1,2,1,0
953,23,Feminino,7400,Fundamental,5.44,5,23,1,1,2,0,0
954,23,Feminino,1949,Médio,2.75,23,24,0,1,2,2,1
955,27,Masculino,9238,Médio,7.09,17,0,0,1,0,1,1
956,22,Feminino,5517,Médio,2.71,22,6,0,1,1,1,1
957,24,Masculino,8499,Fundamental,9.04,5,30,1,1,4,2,1
958,20,Feminino,6552,Superior,3.75,28,11,0,1,4,2,1
959,24,Masculino,2596,Fundamental,5.5,24,4,0,1,1,2,1
960,20,Masculino,9395,Médio,0.51,16,37,1,1,4,0,1
961,24,Feminino,6904,Superior,4.26,45,11,0,1,1,2,1
962,25,Masculino,3831,Médio,8.32,23,38,0,1,0,0,0
963,19,Feminino,7962,Fundamental,8.06,10,17,0,1,0,1,0
964,19,Feminino,5605,Médio,2.24,25,1,0,1,0,0,1
965,27,Masculino,3478,Superior,2.26,33,9,1,1,1,2,1
966,29,Masculino,3339,Médio,8.17,27,14,1,0,1,0,0
967,18,Feminino,3884,Superior,9.3,2,29,0,1,3,2,1
968,29,Masculino,1185,Fundamental,0.95,10,16,1,1,4,0,1
969,26,Masculino,8031,Médio,4.5,37,3,0,1,4,1,1
970,19,Masculino,4783,Médio,3.37,13,6,0,1,3,0,1
971,19,Masculino,8236,Superior,8.71,25,30,0,1,3,1,1
972,21,Masculino,8210,Fundamental,0.84,47,38,0,1,0,2,1
973,21,Feminino,2119,Superior,2.11,20,33,0,1,3,1,1
974,18,Feminino,7368,Médio,7.52,38,5,1,1,1,2,1
975,28,Masculino,1931,Médio,0.51,29,37,1,1,2,2,1
976,26,Masculino,9567,Fundamental,4.93,7,33,0,1,1,1,0
977,29,Masculino,5213,Superior,4.42,19,14,0,1,3,1,1
978,22,Feminino,9935,Fundamental,3.34,47,13,1,1,4,0,1
979,21,Masculino,5498,Médio,3.95,31,5,1,1,1,0,1
980,22,Feminino,662,Fundamental,5.3,21,36,1,1,4,1,1
981,17,Feminino,2474,Superior,1.61,6,31,0,1,1,1,1
982,21,Feminino,3791,Médio,5.72,8,2,1,0,4,1,1
983,25,Masculino,8961,Médio,8.05,44,2,0,1,1,1,1
984,28,Feminino,1131,Fundamental,7.6,0,21,0,1,4,2,1
985,26,Masculino,1405,Médio,1.54,28,21,0,1,2,1,1
986,18,Feminino,2514,Médio,1.49,7,9,0,1,0,1,1
987,17,Masculino,8396,Superior,2.68,3,2,0,1,1,1,1
988,26,Feminino,704,Superior,3.61,34,11,0,1,2,1,1
989,29,Masculino,1081,Fundamental,4.08,2,28,0,0,0,2,1
990,27,Feminino,6175,Médio,6.8,44,16,1,1,1,0,1
991,25,Masculino,9532,Fundamental,0.57,39,6,0,1,2,0,1
992,26,Masculino,5847,Médio,0.35,6,12,0,1,2,0,1
993,25,Masculino,3143,Fundamental,3.92,26,1,0,1,2,0,1
994,25,Masculino,8517,Médio,6.97,0,3,1,1,3,0,1
995,22,Feminino,2797,Médio,1.93,26,9,0,1,4,2,1
996,24,Feminino,1374,Médio,6.42,15,38,0,1,0,0,1
997,27,Masculino,6060,Médio,2.6,37,23,0,1,4,2,1
998,29,Feminino,1189,Médio,8.86,6,16,1,1,4,2,1
999,17,Masculino,4500,Médio,8.96,43,5,1,1,4,0,1
1000,26,Masculino,1171,Fundamental,2.97,22,18,0,1,2,0,1
